{"train_loss": [90.99779510498047, 90.99779470418676, 90.99779466124458, 90.99779536740492], "val_loss": [91.66050649166107, 91.66050649166107, 91.66050649166107, 91.66050649166107], "val_rmse": [9.281579971313477, 9.281579971313477, 9.281579971313477, 9.281579971313477], "val_mae": [7.190147876739502, 7.190147876739502, 7.190147876739502, 7.190147876739502], "val_mape": [123919912.5, 123919912.5, 123919912.5, 123919912.5]}